<?xml version="1.0" encoding="UTF-8"?>
<beans xmlns="http://www.springframework.org/schema/beans"
	xmlns:xsi="http://www.w3.org/2001/XMLSchema-instance"
	xmlns:context="http://www.springframework.org/schema/context"
	xsi:schemaLocation="http://www.springframework.org/schema/beans http://www.springframework.org/schema/beans/spring-beans.xsd
		http://www.springframework.org/schema/context http://www.springframework.org/schema/context/spring-context-4.3.xsd">


<bean id="er" class="com.ems.app.dao.EventRepository"/>

<context:annotation-config/>

<bean id="es" class="com.ems.app.service.EventService" autowire="constructor">
 
<!-- <property name="eventRepository" ref="er"></property> -->
<!-- <constructor-arg ref="er"></constructor-arg>  -->
</bean>

<bean id="ec" class="com.ems.app.controller.EventController">
<!-- <property name="eventService" ref="es"></property> -->
</bean>

</beans>
